;model;score_train;score_test;diff_train_test;cv_score;cv_std
0;LogisticRegression;0.9862427633948573;0.9862077447466442;3.5018648213092085e-05;0.986232247566192;0.0004249106360266391
0;SVC;0.9861417364338362;0.9855752336777005;0.0005665027561356784;0.9859230162280669;0.0003473868798414412
