;index;model;score_train;score_test;diff_train_test;cv_score;cv_std;params
0;0.0;LogisticRegression;0.9862427633948572;0.9862077447466442;3.5018648213092085e-05;0.986232247566192;0.0004249106360266;
1;0.0;SVC;0.9861417364338362;0.9855752336777004;0.0005665027561356;0.9859230162280668;0.0003473868798414;
0;;RandomForestClassifier;0.9864711721762964;0.9856982219411062;0.0007729502351901951;0.9860582798994733;0.0;{'max_depth': 8, 'min_samples_leaf': 5, 'min_samples_split': 2, 'n_estimators': 50}
0;;LogisticRegression;0.9862427633948573;0.986190174994729;5.258840012822841e-05;0.9862164085928099;0.0;{'C': 5}
0;;LogisticRegression;0.9862427633948573;0.986190174994729;5.258840012822841e-05;0.9862208010886699;0.0;{'C': 3}
